Entry_ID,File_Type,URL,Candidate_ID
1,Audio,https://MCM.com/semper/sapien/a/libero.json?tortor=convallis&quis=duis,9
2,Audio,"https://MCM.com,/in/tempor.aspx?pharetra=elementum&magna=in&vestibulum=hac&aliquet=habitasse&ultrices=platea&erat=dictumst&tortor=morbi&sollicitudin=vestibulum&mi=velit&sit=id&amet=pretium&lobortis=iaculis&sapien=diam&sapien=erat&non=fermentum&mi=justo&integer=nec&ac=condimentum&neque=neque&duis=sapien&bibendum=placerat&morbi=ante&non=nulla&quam=justo&nec=aliquam&dui=quis&luctus=turpis&rutrum=eget&nulla=elit&tellus=sodales&in=scelerisque&sagittis=mauris&dui=sit&vel=amet&nisl=eros&duis=suspendisse&ac=accumsan&nibh=tortor&fusce=quis&lacus=turpis&purus=sed&aliquet=ante&at=vivamus&feugiat=tortor&non=duis&pretium=mattis&quis=egestas&lectus=metus&suspendisse=aenean&potenti=fermentum&in=donec&eleifend=ut&quam=mauris&a=eget&odio=massa&in=tempor&hac=convallis&habitasse=nulla&platea=neque&dictumst=libero&maecenas=convallis&ut=eget&massa=eleifend&quis=luctus&augue=ultricies&luctus=eu&tincidunt=nibh&nulla=quisque&mollis=id&molestie=justo&lorem=sit&quisque=amet&ut=sapien&erat=dignissim&curabitur=vestibulum&gravida=vestibulum&nisi=ante&at=ipsum&nibh=primis&in=in&hac=faucibus&habitasse=orci&platea=luctus&dictumst=et&aliquam=ultrices&augue=posuere&quam=cubilia&sollicitudin=curae&vitae=nulla&consectetuer=dapibus&eget=dolor&rutrum=vel&at=est&lorem=donec&integer=odio&tincidunt=justo&ante=sollicitudin",5
1,Audio,https://MCM.com/sit/amet.jsp?vestibulum=odio&ante=elementum&ipsum=eu&primis=interdum&in=eu&faucibus=tincidunt&orci=in&luctus=leo&et=maecenas&ultrices=pulvinar&posuere=lobortis&cubilia=est&curae=phasellus&nulla=sit&dapibus=amet&dolor=erat&vel=nulla&est=tempus&donec=vivamus&odio=in&justo=felis&sollicitudin=eu&ut=sapien&suscipit=cursus&a=vestibulum&feugiat=proin&et=eu&eros=mi&vestibulum=nulla&ac=ac&est=enim&lacinia=in&nisi=tempor&venenatis=turpis&tristique=nec&fusce=euismod&congue=scelerisque&diam=quam&id=turpis&ornare=adipiscing&imperdiet=lorem&sapien=vitae&urna=mattis&pretium=nibh&nisl=ligula&ut=nec&volutpat=sem&sapien=duis&arcu=aliquam&sed=convallis&augue=nunc&aliquam=proin&erat=at&volutpat=turpis,1
2,Audio,http://MCM.com/morbi.jpg?cum=orci&sociis=luctus&natoque=et&penatibus=ultrices&et=posuere,3
5,Audio,https://MCM.com/nascetur/ridiculus/mus/vivamus/vestibulum.js?orci=vel&luctus=accumsan&et=tellus&ultrices=nisi&posuere=eu,6
6,Audio,https://MCM.com/porttitor/pede.aspx?consequat=sollicitudin&varius=ut&integer=suscipit&ac=a&leo=feugiat&pellentesque=et&ultrices=eros&mattis=vestibulum&odio=ac&donec=est&vitae=lacinia&nisi=nisi&nam=venenatis&ultrices=tristique&libero=fusce&non=congue&mattis=diam&pulvinar=id&nulla=ornare&pede=imperdiet&ullamcorper=sapien&augue=urna&a=pretium&suscipit=nisl&nulla=ut&elit=volutpat&ac=sapien&nulla=arcu&sed=sed&vel=augue&enim=aliquam&sit=erat&amet=volutpat&nunc=in&viverra=congue&dapibus=etiam&nulla=justo&suscipit=etiam&ligula=pretium&in=iaculis&lacus=justo&curabitur=in&at=hac&ipsum=habitasse&ac=platea&tellus=dictumst&semper=etiam&interdum=faucibus&mauris=cursus&ullamcorper=urna&purus=ut&sit=tellus&amet=nulla&nulla=ut&quisque=erat&arcu=id&libero=mauris&rutrum=vulputate,7
1,Audio,http://MCM.com/in/faucibus/orci/luctus/et.jsp?hac=sit&habitasse=amet&platea=eros&dictumst=suspendisse&morbi=accumsan&vestibulum=tortor&velit=quis&id=turpis&pretium=sed&iaculis=ante&diam=vivamus&erat=tortor&fermentum=duis&justo=mattis&nec=egestas&condimentum=metus&neque=aenean&sapien=fermentum&placerat=donec&ante=ut&nulla=mauris&justo=eget&aliquam=massa&quis=tempor&turpis=convallis&eget=nulla&elit=neque&sodales=libero&scelerisque=convallis&mauris=eget&sit=eleifend&amet=luctus&eros=ultricies&suspendisse=eu&accumsan=nibh&tortor=quisque&quis=id&turpis=justo&sed=sit&ante=amet&vivamus=sapien&tortor=dignissim&duis=vestibulum&mattis=vestibulum&egestas=ante&metus=ipsum&aenean=primis&fermentum=in&donec=faucibus&ut=orci&mauris=luctus&eget=et&massa=ultrices&tempor=posuere&convallis=cubilia&nulla=curae&neque=nulla&libero=dapibus&convallis=dolor&eget=vel&eleifend=est&luctus=donec,2
8,Video,https://MCM.com/metus/arcu/adipiscing/molestie/hendrerit/at.js?sed=pede&augue=libero&aliquam=quis&erat=orci&volutpat=nullam&in=molestie&congue=nibh&etiam=in&justo=lectus&etiam=pellentesque&pretium=at&iaculis=nulla&justo=suspendisse,8
1,Video,http://MCM.com/in/libero/ut/massa.xml?ligula=rhoncus&nec=mauris&sem=enim&duis=leo&aliquam=rhoncus&convallis=sed&nunc=vestibulum&proin=sit&at=amet&turpis=cursus&a=id&pede=turpis&posuere=integer&nonummy=aliquet&integer=massa&non=id&velit=lobortis&donec=convallis&diam=tortor&neque=risus&vestibulum=dapibus&eget=augue&vulputate=vel&ut=accumsan&ultrices=tellus&vel=nisi&augue=eu&vestibulum=orci&ante=mauris&ipsum=lacinia&primis=sapien&in=quis&faucibus=libero&orci=nullam&luctus=sit&et=amet&ultrices=turpis&posuere=elementum&cubilia=ligula&curae=vehicula&donec=consequat&pharetra=morbi&magna=a&vestibulum=ipsum&aliquet=integer&ultrices=a&erat=nibh&tortor=in&sollicitudin=quis&mi=justo&sit=maecenas&amet=rhoncus&lobortis=aliquam&sapien=lacus&sapien=morbi&non=quis&mi=tortor&integer=id&ac=nulla&neque=ultrices&duis=aliquet&bibendum=maecenas&morbi=leo&non=odio&quam=condimentum&nec=id&dui=luctus&luctus=nec&rutrum=molestie&nulla=sed&tellus=justo&in=pellentesque&sagittis=viverra&dui=pede&vel=ac&nisl=diam&duis=cras&ac=pellentesque&nibh=volutpat&fusce=dui&lacus=maecenas&purus=tristique&aliquet=est&at=et&feugiat=tempus&non=semper&pretium=est&quis=quam&lectus=pharetra&suspendisse=magna&potenti=ac&in=consequat&eleifend=metus&quam=sapien&a=ut,3
1,Video,http://MCM.com/aenean/auctor/gravida/sem.aspx?id=accumsan&sapien=felis&in=ut&sapien=at&iaculis=dolor&congue=quis&vivamus=odio&metus=consequat&arcu=varius&adipiscing=integer&molestie=ac&hendrerit=leo&at=pellentesque&vulputate=ultrices&vitae=mattis&nisl=odio&aenean=donec&lectus=vitae&pellentesque=nisi&eget=nam&nunc=ultrices&donec=libero&quis=non&orci=mattis&eget=pulvinar&orci=nulla&vehicula=pede&condimentum=ullamcorper&curabitur=augue&in=a&libero=suscipit&ut=nulla&massa=elit&volutpat=ac&convallis=nulla&morbi=sed&odio=vel&odio=enim&elementum=sit&eu=amet&interdum=nunc&eu=viverra&tincidunt=dapibus&in=nulla&leo=suscipit&maecenas=ligula&pulvinar=in&lobortis=lacus&est=curabitur&phasellus=at&sit=ipsum&amet=ac&erat=tellus&nulla=semper&tempus=interdum&vivamus=mauris&in=ullamcorper&felis=purus&eu=sit&sapien=amet&cursus=nulla&vestibulum=quisque&proin=arcu&eu=libero&mi=rutrum&nulla=ac&ac=lobortis&enim=vel&in=dapibus&tempor=at&turpis=diam&nec=nam,4
2,Video,https://MCM.com/eu/magna/vulputate/luctus/cum/sociis/natoque.jsp?interdum=faucibus&mauris=cursus&non=urna&ligula=ut&pellentesque=tellus&ultrices=nulla&phasellus=ut&id=erat&sapien=id&in=mauris&sapien=vulputate&iaculis=elementum&congue=nullam&vivamus=varius&metus=nulla&arcu=facilisi&adipiscing=cras&molestie=non&hendrerit=velit&at=nec&vulputate=nisi&vitae=vulputate&nisl=nonummy&aenean=maecenas&lectus=tincidunt&pellentesque=lacus&eget=at&nunc=velit&donec=vivamus&quis=vel&orci=nulla&eget=eget&orci=eros&vehicula=elementum&condimentum=pellentesque&curabitur=quisque,2
2,Video,https://MCM.com/fermentum/justo/nec/condimentum.xml?bibendum=a&morbi=nibh&non=in&quam=quis&nec=justo&dui=maecenas&luctus=rhoncus&rutrum=aliquam&nulla=lacus&tellus=morbi&in=quis&sagittis=tortor&dui=id&vel=nulla&nisl=ultrices&duis=aliquet&ac=maecenas&nibh=leo&fusce=odio&lacus=condimentum&purus=id&aliquet=luctus&at=nec&feugiat=molestie&non=sed&pretium=justo&quis=pellentesque&lectus=viverra&suspendisse=pede&potenti=ac&in=diam&eleifend=cras&quam=pellentesque&a=volutpat&odio=dui&in=maecenas&hac=tristique&habitasse=est&platea=et&dictumst=tempus&maecenas=semper&ut=est&massa=quam,1
2,Video,http://MCM.com/sem/sed.aspx?vestibulum=porta&ante=volutpat&ipsum=quam&primis=pede&in=lobortis&faucibus=ligula&orci=sit&luctus=amet&et=eleifend&ultrices=pede&posuere=libero&cubilia=quis&curae=orci&mauris=nullam&viverra=molestie&diam=nibh&vitae=in&quam=lectus&suspendisse=pellentesque&potenti=at&nullam=nulla&porttitor=suspendisse&lacus=potenti&at=cras&turpis=in&donec=purus&posuere=eu&metus=magna&vitae=vulputate&ipsum=luctus,4
1,Video,https://MCM.com/fusce/congue/diam/id/ornare/imperdiet.jsp?ante=id&ipsum=mauris&primis=vulputate&in=elementum&faucibus=nullam&orci=varius&luctus=nulla&et=facilisi&ultrices=cras&posuere=non&cubilia=velit&curae=nec&nulla=nisi&dapibus=vulputate&dolor=nonummy&vel=maecenas&est=tincidunt&donec=lacus&odio=at&justo=velit&sollicitudin=vivamus&ut=vel&suscipit=nulla&a=eget&feugiat=eros&et=elementum&eros=pellentesque&vestibulum=quisque&ac=porta&est=volutpat&lacinia=erat,5